like_id,post_id,user_id,like_date
1,474,42,2024-12-13
2,444,4,2024-12-21
3,69,49,2025-03-29
4,282,46,2025-10-06
5,165,43,2025-01-11
6,327,50,2025-08-24
7,386,45,2025-08-21
8,471,4,2025-01-27
9,334,32,2025-05-20
10,137,39,2025-03-29
11,440,29,2025-09-22
12,247,21,2025-04-08
13,243,40,2025-11-09
14,157,37,2025-11-04
15,154,9,2025-02-24
16,287,50,2025-09-23
17,440,43,2025-09-26
18,87,22,2025-03-06
19,6,32,2025-01-30
20,133,3,2025-04-22
21,182,1,2025-02-21
22,95,30,2025-09-23
23,43,34,2025-10-05
24,350,32,2025-11-18
25,206,46,2025-04-22
26,50,41,2025-06-08
27,473,22,2025-02-15
28,376,28,2025-10-30
29,298,13,2025-06-13
30,246,3,2024-12-16
31,286,11,2025-10-10
32,177,9,2025-06-29
33,396,24,2025-09-29
34,80,41,2025-06-12
35,268,15,2025-10-08
36,238,19,2025-10-13
37,399,10,2025-10-08
38,258,16,2025-08-01
39,44,46,2025-10-14
40,276,10,2025-08-30
41,470,13,2025-04-26
42,16,19,2025-01-03
43,208,23,2025-09-29
44,458,4,2024-12-14
45,365,32,2025-10-12
46,409,4,2025-04-06
47,247,42,2025-05-02
48,427,38,2024-11-24
49,264,4,2025-07-19
50,394,42,2025-09-23
51,75,30,2025-01-19
52,189,25,2025-05-07
53,139,29,2025-07-06
54,369,39,2025-10-07
55,334,30,2025-09-21
56,457,7,2025-07-02
57,37,41,2025-08-18
58,369,17,2025-02-25
59,123,22,2025-07-18
60,179,19,2025-01-08
61,286,12,2025-01-16
62,318,10,2025-04-09
63,417,32,2025-01-18
64,397,50,2025-02-10
65,408,37,2025-10-14
66,476,34,2025-10-17
67,316,47,2024-12-07
68,124,4,2024-11-26
69,294,7,2025-08-18
70,316,36,2025-10-27
71,460,9,2025-02-07
72,406,27,2025-04-05
73,214,39,2025-06-19
74,436,9,2025-08-13
75,253,5,2025-07-07
76,428,15,2025-01-29
77,16,44,2025-09-27
78,36,44,2025-01-19
79,263,50,2025-09-23
80,252,13,2024-11-28
81,189,42,2025-01-03
82,260,38,2025-10-19
83,100,33,2025-04-04
84,53,11,2025-07-23
85,171,34,2024-12-13
86,13,45,2025-10-17
87,114,16,2025-02-19
88,126,40,2025-05-15
89,423,30,2025-08-07
90,183,19,2025-10-28
91,167,35,2025-06-06
92,36,24,2025-01-01
93,290,18,2025-05-19
94,335,16,2025-06-30
95,190,13,2024-11-25
96,295,6,2025-10-18
97,263,37,2025-08-30
98,95,35,2025-08-02
99,347,47,2025-01-08
100,203,21,2025-11-10
101,160,49,2025-07-01
102,122,11,2025-10-07
103,361,14,2025-07-24
104,17,20,2025-02-10
105,94,3,2025-01-23
106,212,19,2025-11-06
107,202,41,2025-08-20
108,124,24,2025-07-11
109,458,30,2025-07-28
110,266,31,2025-02-11
111,124,6,2025-08-16
112,477,43,2025-10-24
113,131,5,2025-04-10
114,482,24,2025-09-24
115,106,20,2025-04-11
116,439,31,2025-10-06
117,447,39,2025-02-23
118,137,18,2025-06-25
119,69,48,2025-09-30
120,394,2,2025-04-19
121,126,21,2024-12-16
122,81,30,2025-05-04
123,388,24,2025-02-12
124,353,48,2025-11-05
125,175,29,2025-05-29
126,371,46,2025-08-21
127,178,4,2025-03-27
128,64,38,2025-08-18
129,429,34,2025-02-18
130,171,25,2025-09-24
131,19,45,2025-06-06
132,344,29,2025-04-30
133,205,15,2025-04-04
134,29,50,2025-08-28
135,455,17,2025-08-13
136,14,3,2025-03-10
137,432,30,2025-05-12
138,326,34,2025-04-03
139,252,33,2024-11-27
140,257,17,2024-12-06
141,139,35,2025-02-10
142,228,37,2025-04-25
143,306,21,2025-03-23
144,265,46,2025-07-23
145,241,25,2025-03-16
146,271,13,2025-06-17
147,95,16,2025-10-12
148,382,34,2025-09-17
149,324,23,2025-04-10
150,365,3,2025-01-14
151,436,3,2024-12-09
152,250,49,2025-03-30
153,443,42,2025-03-11
154,256,46,2025-09-15
155,125,12,2025-08-12
156,343,33,2025-08-17
157,349,45,2025-09-10
158,184,29,2025-01-31
159,165,39,2024-12-23
160,151,30,2025-07-22
161,52,8,2025-06-19
162,410,40,2025-04-21
163,370,36,2025-10-11
164,378,9,2025-06-08
165,264,43,2025-01-20
166,182,11,2025-10-24
167,220,26,2025-11-18
168,38,34,2025-05-06
169,376,40,2025-06-23
170,302,1,2025-07-01
171,294,31,2025-01-09
172,315,25,2025-07-11
173,292,2,2025-01-11
174,417,40,2024-12-01
175,162,16,2025-11-12
176,218,47,2025-01-10
177,243,37,2025-03-09
178,139,45,2025-02-27
179,336,4,2025-01-27
180,419,13,2024-11-24
181,7,28,2025-09-08
182,176,1,2024-12-21
183,79,38,2025-07-24
184,314,47,2025-02-22
185,439,8,2025-02-16
186,61,35,2025-06-21
187,265,13,2025-07-23
188,322,48,2025-07-22
189,424,47,2025-08-29
190,353,41,2025-04-05
191,4,14,2025-09-27
192,277,26,2025-11-07
193,200,37,2025-04-22
194,458,32,2025-08-15
195,181,42,2025-04-13
196,91,35,2025-07-14
197,421,6,2025-04-19
198,470,13,2025-09-24
199,340,7,2025-08-12
200,331,22,2025-08-13
201,219,16,2024-12-26
202,154,30,2025-02-27
203,112,31,2025-08-12
204,448,41,2025-01-12
205,308,30,2025-07-17
206,452,30,2025-04-20
207,8,33,2025-04-12
208,39,23,2025-06-27
209,476,49,2025-03-22
210,265,40,2025-01-16
211,405,31,2025-05-19
212,193,42,2024-12-24
213,260,15,2025-07-10
214,122,1,2025-10-24
215,339,37,2025-07-25
216,215,5,2025-09-06
217,294,29,2025-08-25
218,193,38,2025-07-01
219,428,18,2025-03-19
220,480,34,2025-06-01
221,119,44,2025-05-02
222,312,1,2025-05-13
223,498,17,2025-11-17
224,302,25,2025-01-01
225,459,27,2025-08-11
226,129,39,2025-11-05
227,9,8,2025-08-10
228,400,28,2025-03-01
229,112,4,2025-02-08
230,207,18,2025-06-17
231,241,33,2024-11-24
232,444,2,2025-01-08
233,244,23,2025-07-23
234,81,29,2025-06-27
235,4,26,2025-09-05
236,106,43,2025-09-02
237,17,33,2024-12-09
238,416,29,2025-07-16
239,206,38,2025-01-16
240,177,12,2025-03-31
241,243,31,2024-11-26
242,454,4,2025-09-20
243,138,44,2025-01-17
244,54,38,2025-06-26
245,134,27,2025-01-09
246,199,43,2025-05-08
247,316,4,2025-01-25
248,55,8,2025-02-21
249,343,7,2025-05-27
250,213,16,2025-01-06
251,293,4,2025-06-09
252,68,13,2025-09-26
253,280,13,2025-02-21
254,155,31,2025-10-26
255,325,30,2025-10-17
256,306,47,2025-07-09
257,363,4,2025-04-20
258,494,34,2025-01-30
259,121,33,2025-01-07
260,69,17,2025-07-12
261,238,37,2025-09-30
262,264,39,2024-12-21
263,241,20,2025-06-23
264,240,26,2025-09-23
265,396,25,2025-09-08
266,407,5,2025-06-22
267,498,37,2025-06-10
268,475,31,2025-07-03
269,306,17,2025-01-28
270,398,42,2025-08-20
271,28,32,2025-10-09
272,313,16,2025-11-08
273,343,20,2025-02-14
274,367,22,2025-02-13
275,129,45,2025-01-10
276,8,9,2025-10-01
277,114,29,2025-06-15
278,102,43,2025-01-26
279,433,23,2025-09-02
280,231,17,2025-01-09
281,384,28,2025-06-21
282,191,1,2025-07-20
283,359,44,2025-09-24
284,476,3,2025-03-28
285,116,29,2025-04-06
286,468,27,2025-07-12
287,331,14,2025-11-06
288,102,46,2024-11-19
289,159,45,2024-12-13
290,41,5,2025-02-21
291,465,25,2025-01-21
292,216,10,2025-06-17
293,421,34,2025-10-04
294,37,18,2025-07-27
295,61,29,2025-05-14
296,128,33,2025-01-26
297,146,16,2025-06-10
298,345,18,2025-09-05
299,59,41,2024-12-13
300,360,3,2025-10-05
301,19,5,2025-10-31
302,180,31,2025-01-22
303,44,12,2025-08-24
304,221,7,2024-12-05
305,428,19,2025-10-08
306,468,27,2024-11-28
307,344,48,2025-06-26
308,201,6,2025-01-03
309,422,27,2025-08-11
310,152,42,2025-10-27
311,38,38,2025-11-09
312,95,32,2025-10-12
313,26,6,2025-06-23
314,287,19,2025-01-07
315,154,13,2025-05-07
316,289,30,2025-06-07
317,463,30,2025-09-22
318,319,5,2025-06-13
319,343,3,2025-06-28
320,472,46,2025-07-15
321,273,38,2025-09-19
322,166,46,2025-01-02
323,139,20,2025-11-16
324,195,9,2025-10-01
325,359,19,2025-08-06
326,195,16,2025-09-11
327,375,47,2025-09-08
328,30,37,2025-03-13
329,26,10,2025-06-13
330,448,9,2025-08-14
331,109,11,2025-05-02
332,434,3,2025-05-08
333,364,24,2025-02-20
334,307,45,2025-01-19
335,439,29,2025-01-16
336,289,43,2025-09-02
337,238,3,2025-01-04
338,243,15,2025-01-14
339,18,35,2025-10-13
340,317,16,2024-12-13
341,60,4,2025-10-05
342,410,22,2025-11-15
343,121,42,2024-11-21
344,152,28,2025-03-20
345,250,48,2025-01-26
346,224,29,2025-08-31
347,372,2,2025-11-11
348,97,46,2025-06-11
349,367,38,2025-07-13
350,411,24,2025-05-13
351,458,46,2025-02-12
352,134,27,2025-07-20
353,31,38,2025-05-05
354,311,44,2025-01-30
355,443,23,2025-04-02
356,257,10,2025-01-13
357,158,19,2025-06-19
358,496,38,2025-06-06
359,94,1,2025-08-10
360,138,28,2024-12-17
361,453,3,2024-11-24
362,326,23,2025-06-07
363,16,12,2025-03-18
364,151,8,2025-04-13
365,41,21,2025-10-24
366,178,6,2025-08-28
367,358,3,2025-05-22
368,380,10,2025-01-27
369,229,1,2025-03-23
370,341,44,2025-06-03
371,435,14,2025-03-23
372,160,12,2025-05-19
373,421,44,2025-03-27
374,23,27,2025-02-21
375,221,45,2024-12-02
376,18,42,2025-01-22
377,469,44,2025-05-03
378,145,39,2025-05-25
379,112,40,2025-03-17
380,97,44,2025-09-08
381,451,47,2025-07-28
382,478,31,2025-08-11
383,157,11,2025-11-03
384,337,25,2024-12-20
385,30,41,2025-05-14
386,488,12,2025-08-23
387,174,38,2025-11-12
388,117,7,2025-02-16
389,144,43,2025-03-01
390,499,22,2024-11-22
391,495,15,2025-02-22
392,425,6,2025-06-04
393,115,4,2025-09-05
394,418,18,2024-12-02
395,347,38,2025-06-10
396,36,50,2024-12-15
397,374,27,2025-03-29
398,205,18,2025-08-13
399,358,34,2025-09-14
400,361,34,2025-11-18
401,301,18,2025-10-28
402,396,2,2025-05-30
403,156,12,2025-01-11
404,449,47,2025-10-31
405,411,29,2025-03-19
406,485,35,2025-10-21
407,203,37,2025-08-30
408,458,41,2025-11-14
409,73,6,2025-07-05
410,428,25,2025-02-14
411,450,25,2025-04-30
412,424,15,2025-04-22
413,443,21,2025-02-12
414,357,15,2025-01-02
415,130,30,2025-01-14
416,436,6,2025-01-22
417,158,9,2025-08-08
418,499,8,2025-06-18
419,44,12,2024-12-30
420,313,15,2024-12-13
421,313,27,2025-01-10
422,224,9,2025-04-23
423,42,17,2025-04-15
424,460,6,2025-04-28
425,294,2,2025-06-12
426,72,18,2025-10-17
427,362,22,2025-01-08
428,332,50,2025-10-06
429,358,14,2025-10-08
430,121,40,2025-11-08
431,189,12,2025-09-05
432,121,37,2025-01-18
433,217,4,2025-02-19
434,225,41,2025-03-10
435,214,21,2025-07-12
436,226,14,2025-10-17
437,21,2,2024-12-21
438,225,5,2025-05-28
439,483,43,2025-05-20
440,7,46,2025-07-30
441,18,46,2025-05-05
442,185,29,2025-02-23
443,105,26,2025-04-02
444,78,6,2025-02-21
445,124,27,2025-03-02
446,422,11,2025-01-28
447,205,29,2025-07-29
448,285,46,2025-02-22
449,128,16,2025-06-29
450,278,25,2025-08-25
451,49,50,2025-07-13
452,257,36,2025-04-28
453,239,2,2025-03-20
454,315,2,2025-07-02
455,237,8,2025-06-23
456,6,44,2025-05-05
457,468,2,2025-07-05
458,401,19,2025-03-12
459,377,7,2025-05-28
460,253,24,2025-08-19
461,184,46,2025-07-27
462,329,11,2025-08-20
463,396,7,2025-09-14
464,53,50,2025-09-21
465,230,34,2025-05-11
466,346,24,2025-03-10
467,479,26,2024-12-15
468,353,2,2025-10-05
469,463,30,2025-07-22
470,457,36,2025-02-25
471,89,12,2025-01-11
472,45,40,2025-02-15
473,470,33,2025-08-31
474,376,34,2025-10-23
475,315,25,2025-11-19
476,131,50,2025-06-03
477,4,10,2024-11-22
478,425,40,2025-04-13
479,204,48,2025-06-11
480,82,29,2025-02-06
481,143,23,2025-07-25
482,484,48,2024-12-06
483,386,3,2025-07-30
484,171,46,2025-09-24
485,73,40,2025-03-14
486,466,37,2025-05-15
487,178,10,2025-04-18
488,305,49,2025-04-23
489,462,35,2025-09-21
490,266,38,2025-06-29
491,80,22,2024-12-31
492,64,37,2025-06-02
493,75,29,2025-06-14
494,259,21,2025-01-23
495,331,23,2025-09-05
496,332,19,2025-06-19
497,261,16,2025-11-16
498,461,11,2025-05-23
499,275,22,2025-05-19
500,109,37,2025-08-21
501,20,2,2025-06-03
502,218,6,2025-02-04
503,189,41,2025-10-11
504,380,26,2025-06-09
505,371,8,2024-12-26
506,41,38,2025-04-28
507,259,1,2025-08-02
508,209,40,2025-02-06
509,384,7,2024-12-24
510,275,16,2025-09-24
511,416,21,2025-10-18
512,416,1,2025-09-03
513,11,37,2025-04-19
514,192,2,2024-12-14
515,23,29,2025-09-14
516,489,2,2025-10-23
517,467,30,2025-06-18
518,477,34,2025-02-02
519,403,16,2025-02-09
520,130,32,2025-06-23
521,450,24,2025-07-26
522,173,41,2025-02-25
523,304,24,2025-02-20
524,350,8,2025-05-23
525,452,13,2025-06-21
526,360,7,2025-05-29
527,168,45,2024-12-19
528,334,4,2025-05-23
529,159,13,2025-08-13
530,88,6,2025-01-24
531,366,27,2025-01-22
532,497,9,2025-03-25
533,112,27,2025-09-18
534,297,7,2025-02-20
535,169,11,2025-02-22
536,460,20,2025-09-28
537,210,38,2025-03-06
538,23,7,2025-02-13
539,280,34,2025-11-12
540,141,49,2025-08-26
541,141,18,2025-05-17
542,360,27,2025-01-26
543,264,35,2025-11-18
544,426,50,2025-11-07
545,453,5,2024-12-16
546,436,5,2025-09-27
547,112,6,2025-05-02
548,389,9,2025-03-05
549,47,34,2025-06-16
550,465,13,2025-05-16
551,16,28,2025-03-09
552,318,35,2025-03-08
553,293,6,2025-01-16
554,327,25,2025-07-13
555,4,1,2025-10-03
556,96,40,2025-11-02
557,214,17,2025-06-02
558,115,40,2025-04-23
559,335,49,2025-09-05
560,9,48,2025-06-28
561,250,30,2025-10-17
562,363,31,2025-02-14
563,236,29,2025-10-21
564,163,32,2025-10-26
565,93,19,2025-10-10
566,164,33,2025-02-02
567,28,15,2025-02-15
568,378,25,2025-05-10
569,47,30,2025-01-20
570,435,20,2025-10-31
571,90,32,2024-11-30
572,265,16,2025-05-05
573,281,39,2025-09-30
574,324,13,2025-09-21
575,191,22,2025-11-19
576,207,11,2025-03-22
577,97,8,2025-06-29
578,244,50,2025-05-01
579,116,1,2024-12-03
580,263,31,2025-04-10
581,242,14,2025-09-15
582,312,23,2025-10-11
583,13,26,2025-11-10
584,288,34,2024-12-01
585,233,16,2025-04-09
586,381,11,2025-10-01
587,3,10,2025-02-05
588,235,4,2025-11-12
589,366,35,2025-11-17
590,202,3,2025-04-22
591,271,40,2025-07-06
592,129,26,2025-08-05
593,441,2,2025-07-28
594,344,16,2025-07-23
595,85,33,2025-04-05
596,196,50,2025-07-30
597,339,49,2025-11-04
598,8,4,2025-01-10
599,281,46,2025-04-01
600,124,43,2025-06-26
601,161,36,2024-12-21
602,248,15,2025-05-31
603,317,8,2025-07-27
604,372,21,2025-01-30
605,498,44,2025-03-15
606,260,39,2025-09-20
607,481,34,2025-01-01
608,256,12,2025-06-07
609,467,42,2025-11-04
610,111,11,2025-02-11
611,215,41,2025-05-01
612,97,40,2025-11-04
613,195,11,2025-10-11
614,469,33,2025-05-01
615,46,28,2025-09-11
616,233,1,2024-12-30
617,359,9,2025-06-08
618,246,26,2025-01-25
619,84,43,2025-02-17
620,136,14,2025-01-17
621,26,23,2025-11-02
622,350,5,2025-09-14
623,119,34,2024-12-29
624,433,3,2025-02-14
625,346,39,2025-03-27
626,392,7,2025-11-14
627,235,31,2025-08-13
628,168,14,2025-03-24
629,225,11,2025-01-23
630,462,19,2024-12-07
631,49,31,2025-06-03
632,126,2,2025-07-08
633,391,24,2025-04-17
634,275,8,2025-08-14
635,442,10,2025-08-14
636,3,16,2025-11-19
637,109,32,2025-01-12
638,342,50,2025-10-30
639,481,49,2025-08-24
640,174,21,2025-05-09
641,53,14,2025-05-09
642,154,25,2025-06-29
643,222,46,2025-03-10
644,36,17,2025-10-10
645,338,32,2024-12-24
646,104,49,2025-01-03
647,432,37,2025-10-30
648,327,9,2025-09-04
649,389,15,2025-06-02
650,208,18,2025-09-13
651,130,24,2025-10-04
652,13,20,2025-08-24
653,200,26,2025-06-08
654,463,9,2025-01-08
655,330,2,2025-03-16
656,417,45,2025-06-15
657,184,2,2025-06-12
658,13,41,2025-01-10
659,394,6,2025-08-22
660,399,47,2025-10-31
661,35,25,2025-02-09
662,19,35,2025-07-01
663,22,16,2025-11-10
664,101,13,2025-03-20
665,208,6,2024-12-25
666,426,35,2025-02-15
667,168,4,2025-02-18
668,174,47,2025-01-07
669,410,1,2025-06-04
670,304,31,2025-02-12
671,228,7,2025-04-25
672,18,15,2025-05-19
673,311,22,2025-10-09
674,137,4,2025-10-03
675,117,12,2025-07-26
676,368,20,2025-09-02
677,99,42,2025-04-10
678,31,22,2025-09-14
679,448,18,2025-04-13
680,215,45,2025-02-12
681,357,29,2025-05-12
682,221,21,2025-07-12
683,38,20,2025-10-16
684,376,7,2025-06-18
685,472,7,2025-09-26
686,129,2,2025-04-18
687,291,17,2025-09-26
688,240,10,2025-05-25
689,3,22,2025-01-09
690,199,21,2025-05-15
691,73,25,2025-02-11
692,369,12,2024-11-30
693,285,32,2025-02-28
694,208,44,2025-06-19
695,465,11,2025-03-06
696,363,4,2025-07-08
697,345,32,2025-06-24
698,407,41,2025-05-16
699,349,17,2025-05-08
700,332,15,2025-01-28
701,118,1,2025-10-31
702,326,16,2025-10-26
703,178,8,2025-07-09
704,213,35,2025-08-19
705,75,30,2025-02-16
706,196,42,2025-01-14
707,186,26,2025-10-02
708,219,14,2025-04-03
709,360,13,2025-05-10
710,410,33,2024-12-07
711,464,5,2025-05-31
712,128,27,2024-11-19
713,20,13,2025-11-19
714,384,50,2025-01-14
715,91,22,2025-04-07
716,294,29,2025-05-08
717,333,22,2025-08-05
718,319,9,2025-08-22
719,372,14,2025-09-08
720,443,2,2025-09-11
721,249,43,2025-06-22
722,70,17,2024-12-20
723,162,38,2025-08-27
724,298,19,2025-06-27
725,53,3,2025-10-25
726,27,22,2025-06-07
727,420,12,2025-02-10
728,167,19,2025-06-30
729,204,10,2025-04-21
730,369,43,2025-07-28
731,109,33,2025-01-23
732,462,3,2025-08-14
733,35,39,2025-06-07
734,25,9,2025-10-31
735,50,39,2025-10-31
736,470,37,2025-11-09
737,342,27,2025-09-11
738,105,37,2024-12-31
739,160,10,2025-01-16
740,42,11,2025-04-13
741,21,33,2025-07-17
742,38,28,2025-08-23
743,484,16,2025-02-10
744,246,41,2024-12-07
745,497,14,2025-06-10
746,218,31,2025-10-12
747,350,40,2025-10-19
748,416,4,2024-12-22
749,453,1,2025-04-04
750,275,5,2025-11-10
751,132,11,2025-09-09
752,283,20,2025-04-29
753,284,41,2025-09-20
754,5,49,2025-11-17
755,232,40,2025-03-28
756,156,8,2025-01-12
757,243,18,2025-04-17
758,244,18,2025-05-17
759,180,40,2025-03-26
760,312,27,2024-12-10
761,275,22,2024-12-12
762,14,29,2025-03-21
763,54,45,2024-11-21
764,458,1,2025-05-20
765,218,30,2025-02-24
766,469,14,2025-09-10
767,378,23,2025-05-07
768,255,29,2025-06-19
769,73,5,2025-03-07
770,185,27,2025-04-14
771,47,11,2025-09-05
772,304,5,2024-12-02
773,347,1,2025-06-12
774,444,17,2024-12-12
775,182,48,2025-01-13
776,286,3,2025-01-13
777,270,49,2025-05-19
778,198,15,2025-11-12
779,94,27,2025-07-31
780,411,42,2025-02-27
781,36,48,2025-06-25
782,416,14,2025-08-14
783,157,15,2025-06-18
784,381,47,2025-11-11
785,225,45,2025-09-24
786,408,13,2025-04-21
787,306,30,2025-02-14
788,244,5,2024-12-11
789,405,40,2025-04-17
790,55,33,2025-02-23
791,297,4,2024-12-01
792,372,1,2025-06-16
793,340,41,2025-06-15
794,17,29,2025-02-14
795,220,9,2024-11-26
796,435,42,2025-10-08
797,254,49,2025-11-05
798,58,18,2025-11-14
799,15,14,2025-10-21
800,104,25,2025-03-11
801,218,46,2025-10-26
802,137,26,2025-05-27
803,379,16,2025-01-11
804,431,35,2025-07-16
805,304,12,2025-03-01
806,99,11,2025-08-25
807,62,29,2025-10-26
808,339,19,2025-03-11
809,451,7,2025-02-11
810,299,6,2025-07-20
811,290,48,2025-02-11
812,299,10,2025-03-18
813,403,23,2025-07-29
814,208,21,2025-03-07
815,25,2,2025-08-08
816,196,3,2025-05-19
817,475,27,2025-06-08
818,353,44,2025-04-19
819,86,11,2025-02-16
820,331,18,2024-12-27
821,127,44,2024-12-22
822,139,46,2025-08-02
823,92,22,2025-10-31
824,343,12,2025-05-05
825,8,6,2025-07-28
826,3,14,2025-02-03
827,352,19,2024-12-02
828,122,1,2025-07-06
829,40,22,2024-12-05
830,387,23,2025-02-15
831,358,25,2024-11-23
832,89,8,2025-02-23
833,165,5,2025-08-09
834,217,33,2024-11-24
835,347,13,2025-08-08
836,317,32,2025-03-11
837,152,50,2025-06-08
838,342,10,2025-04-21
839,106,3,2025-02-19
840,350,39,2025-08-24
841,265,46,2025-04-29
842,277,48,2025-09-24
843,86,14,2025-02-14
844,188,38,2025-04-30
845,426,6,2025-06-23
846,356,44,2025-06-07
847,315,5,2024-12-16
848,149,22,2024-12-20
849,104,6,2025-10-09
850,98,3,2025-11-04
851,479,9,2025-10-15
852,26,16,2025-06-14
853,462,3,2024-12-16
854,355,17,2025-11-02
855,370,31,2025-06-09
856,480,7,2025-09-04
857,426,7,2025-02-28
858,123,28,2025-04-15
859,104,1,2025-04-05
860,12,18,2025-06-25
861,273,15,2025-01-19
862,128,46,2025-01-08
863,350,11,2025-04-11
864,4,47,2025-04-01
865,44,31,2025-01-29
866,294,38,2025-09-09
867,31,48,2024-12-27
868,289,31,2025-06-10
869,61,42,2025-04-19
870,243,27,2025-04-01
871,441,40,2025-10-31
872,419,47,2025-03-28
873,31,45,2025-04-10
874,472,8,2025-11-14
875,417,22,2025-03-26
876,246,44,2024-12-11
877,358,28,2025-03-04
878,420,23,2025-08-02
879,141,14,2025-01-03
880,50,15,2025-03-11
881,484,23,2025-06-07
882,426,12,2025-03-17
883,419,35,2024-12-11
884,162,28,2025-02-15
885,256,16,2025-11-09
886,27,12,2025-03-13
887,221,9,2025-03-11
888,28,1,2025-02-20
889,119,34,2025-10-07
890,339,35,2025-07-18
891,131,46,2025-10-03
892,161,29,2025-01-25
893,371,31,2025-06-06
894,169,5,2025-05-24
895,118,39,2025-03-28
896,173,15,2025-08-08
897,485,19,2025-09-19
898,130,23,2025-09-22
899,454,34,2025-06-04
900,44,20,2025-08-17
901,115,20,2025-10-26
902,465,15,2025-03-03
903,300,8,2025-06-19
904,426,44,2025-09-06
905,346,31,2025-07-15
906,362,18,2025-10-08
907,204,29,2025-11-13
908,230,33,2025-02-02
909,490,11,2024-11-22
910,298,46,2025-03-10
911,286,30,2025-08-19
912,318,47,2025-11-01
913,449,9,2025-01-24
914,121,26,2025-07-26
915,6,44,2025-10-15
916,103,44,2025-04-25
917,94,29,2025-02-03
918,179,20,2025-05-08
919,65,30,2025-11-17
920,190,46,2025-05-12
921,405,15,2025-07-31
922,184,10,2025-04-14
923,290,44,2025-10-14
924,283,26,2025-10-29
925,371,11,2025-02-16
926,498,18,2025-04-26
927,124,22,2025-10-27
928,438,10,2025-04-10
929,227,37,2025-01-26
930,99,8,2025-04-05
931,52,46,2024-11-21
932,189,33,2025-05-05
933,484,16,2025-06-04
934,343,22,2025-01-18
935,151,24,2024-12-27
936,293,36,2025-10-14
937,245,32,2025-01-03
938,366,46,2024-12-31
939,164,15,2025-08-22
940,320,9,2025-09-22
941,40,44,2025-03-21
942,236,16,2025-11-13
943,176,3,2025-05-07
944,430,48,2025-06-24
945,498,36,2025-06-01
946,137,35,2025-02-01
947,51,16,2025-01-20
948,453,1,2025-03-02
949,90,45,2025-01-13
950,189,9,2025-03-23
951,335,21,2025-06-14
952,13,28,2025-02-19
953,82,14,2025-05-27
954,489,11,2025-05-19
955,151,30,2025-11-08
956,273,49,2025-11-04
957,321,25,2024-12-27
958,17,21,2025-05-26
959,4,25,2025-08-08
960,263,42,2025-01-12
961,102,19,2025-06-11
962,169,34,2025-08-26
963,179,24,2024-12-15
964,180,50,2025-06-12
965,34,14,2025-02-05
966,275,1,2025-08-02
967,130,26,2025-06-04
968,156,11,2024-12-28
969,29,2,2025-03-12
970,61,2,2025-08-04
971,268,9,2025-08-30
972,96,8,2025-10-02
973,289,7,2025-06-11
974,428,47,2025-07-22
975,196,21,2025-05-07
976,342,2,2025-09-08
977,344,36,2024-12-15
978,494,35,2025-07-30
979,168,5,2025-10-25
980,19,10,2025-04-24
981,122,30,2025-10-25
982,351,2,2025-04-29
983,235,7,2025-09-28
984,115,49,2025-01-13
985,103,6,2025-06-04
986,465,2,2025-07-20
987,252,44,2024-12-22
988,315,12,2025-04-14
989,353,25,2025-08-02
990,256,48,2025-08-10
991,236,41,2025-06-15
992,91,17,2025-08-09
993,419,4,2025-10-24
994,476,17,2025-04-20
995,391,37,2025-08-19
996,326,45,2025-09-28
997,46,42,2025-04-19
998,180,28,2025-07-17
999,6,8,2025-09-29
1000,360,26,2025-10-10
1001,363,46,2025-08-25
1002,291,10,2025-07-07
1003,492,38,2024-12-02
1004,6,15,2025-11-02
1005,489,46,2024-12-16
1006,125,1,2025-10-04
1007,206,1,2024-12-29
1008,348,5,2024-12-24
1009,467,4,2025-06-27
1010,167,40,2025-07-31
1011,381,49,2025-05-29
1012,94,24,2025-03-09
1013,199,37,2024-11-25
1014,7,4,2025-05-28
1015,484,26,2025-11-06
1016,384,17,2025-06-13
1017,444,31,2025-04-03
1018,419,19,2025-06-04
1019,32,35,2025-08-11
1020,49,25,2024-12-22
1021,320,47,2025-04-30
1022,454,32,2025-09-23
1023,58,50,2025-07-21
1024,368,30,2025-09-07
1025,197,12,2025-01-14
1026,456,36,2025-09-20
1027,81,45,2025-01-04
1028,187,9,2025-09-06
1029,129,46,2025-11-11
1030,282,39,2025-10-02
1031,281,4,2025-08-08
1032,164,39,2025-04-01
1033,235,12,2025-10-13
1034,254,22,2025-01-03
1035,336,46,2025-05-12
1036,258,11,2025-11-06
1037,112,46,2025-05-13
1038,106,33,2025-09-20
1039,132,46,2025-07-09
1040,345,12,2025-02-16
1041,436,45,2025-02-09
1042,21,5,2025-08-30
1043,383,22,2025-02-15
1044,127,16,2025-09-26
1045,121,11,2025-08-27
1046,236,39,2025-11-16
1047,282,20,2025-06-30
1048,235,29,2025-04-26
1049,467,16,2025-02-22
1050,176,15,2025-09-13
1051,300,28,2025-05-14
1052,480,46,2024-11-20
1053,110,26,2025-02-03
1054,348,26,2025-08-21
1055,98,11,2025-01-09
1056,192,42,2024-12-19
1057,82,18,2025-10-04
1058,139,30,2025-06-29
1059,48,27,2025-03-16
1060,155,26,2025-04-11
1061,104,47,2025-07-15
1062,19,26,2025-03-04
1063,449,18,2025-06-07
1064,184,14,2024-12-17
1065,328,16,2025-09-11
1066,44,36,2025-02-14
1067,340,44,2025-10-01
1068,268,41,2025-07-24
1069,446,5,2025-11-06
1070,188,47,2025-10-17
1071,270,25,2025-01-26
1072,346,13,2024-12-17
1073,216,9,2025-03-14
1074,127,24,2025-05-28
1075,51,22,2025-03-11
1076,488,30,2025-10-16
1077,338,3,2024-12-24
1078,432,23,2025-03-26
1079,241,42,2024-12-22
1080,411,36,2025-11-08
1081,63,25,2025-02-22
1082,271,29,2024-12-26
1083,83,4,2025-04-05
1084,313,15,2025-09-02
1085,49,28,2025-03-21
1086,246,42,2025-01-14
1087,281,34,2025-05-21
1088,296,23,2025-10-24
1089,133,11,2025-03-27
1090,309,24,2025-11-08
1091,204,14,2025-01-30
1092,260,14,2025-07-02
1093,287,33,2025-01-19
1094,462,47,2025-10-26
1095,193,47,2025-05-19
1096,415,22,2025-02-12
1097,216,31,2025-10-03
1098,140,34,2025-04-17
1099,1,14,2025-10-08
1100,355,28,2025-05-19
1101,1,28,2025-06-22
1102,92,2,2025-08-16
1103,248,17,2025-04-04
1104,442,19,2025-06-22
1105,251,1,2025-06-01
1106,393,32,2025-11-03
1107,87,35,2024-12-30
1108,211,14,2025-08-20
1109,215,11,2025-10-26
1110,41,9,2024-12-15
1111,207,19,2025-02-13
1112,423,39,2025-05-24
1113,250,40,2025-05-14
1114,215,19,2024-12-30
1115,150,17,2025-03-14
1116,266,44,2025-02-17
1117,157,11,2025-07-05
1118,267,23,2025-11-19
1119,381,41,2025-07-26
1120,316,27,2025-11-17
1121,270,5,2025-10-23
1122,17,10,2025-08-18
1123,436,42,2025-04-22
1124,363,43,2025-10-26
1125,383,39,2025-11-14
1126,221,3,2024-12-05
1127,283,42,2025-01-15
1128,83,29,2025-07-05
1129,83,3,2025-06-30
1130,42,17,2025-05-16
1131,398,21,2025-07-16
1132,383,12,2025-02-04
1133,298,1,2025-08-09
1134,28,20,2025-04-05
1135,152,24,2025-05-01
1136,285,5,2024-12-24
1137,172,12,2025-09-13
1138,486,45,2025-01-19
1139,322,31,2025-02-19
1140,396,38,2024-12-04
1141,432,26,2025-06-25
1142,60,39,2025-01-04
1143,253,4,2025-02-09
1144,428,10,2025-04-05
1145,431,1,2024-12-31
1146,163,49,2025-10-15
1147,484,48,2025-09-02
1148,193,4,2025-11-11
1149,38,17,2025-06-01
1150,298,50,2025-07-29
1151,95,40,2025-03-27
1152,315,31,2025-01-08
1153,351,13,2025-11-01
1154,325,18,2025-06-29
1155,467,2,2025-05-20
1156,5,37,2025-03-31
1157,47,45,2025-02-15
1158,150,39,2025-01-24
1159,324,13,2025-04-17
1160,323,32,2025-08-24
1161,216,44,2025-03-06
1162,330,45,2025-04-18
1163,96,32,2025-02-07
1164,408,34,2025-03-15
1165,134,34,2025-08-23
1166,392,27,2024-12-15
1167,232,32,2025-10-09
1168,330,15,2025-04-25
1169,296,14,2025-03-25
1170,5,13,2025-06-15
1171,64,22,2025-09-01
1172,376,9,2025-09-11
1173,335,35,2025-11-05
1174,278,43,2025-11-14
1175,172,24,2025-05-17
1176,53,50,2025-03-28
1177,430,24,2025-05-09
1178,184,32,2025-09-13
1179,152,26,2025-05-29
1180,472,25,2025-05-14
1181,479,22,2025-08-09
1182,400,41,2025-08-20
1183,430,1,2025-02-16
1184,241,45,2025-10-22
1185,316,16,2025-02-15
1186,434,26,2025-07-31
1187,430,12,2025-06-17
1188,66,5,2025-01-02
1189,465,39,2025-11-03
1190,85,48,2025-07-28
1191,35,20,2025-02-08
1192,492,45,2025-11-08
1193,398,40,2025-09-19
1194,33,35,2025-07-11
1195,51,25,2025-07-27
1196,261,6,2025-11-07
1197,109,32,2024-12-10
1198,417,3,2024-11-22
1199,208,23,2025-10-29
1200,430,2,2025-05-09
1201,194,48,2025-10-02
1202,183,50,2025-11-02
1203,267,42,2025-10-10
1204,300,44,2025-02-13
1205,256,17,2025-06-15
1206,412,2,2024-12-12
1207,181,26,2025-05-19
1208,300,50,2025-06-06
1209,155,6,2025-06-06
1210,145,14,2025-08-03
1211,127,42,2025-07-24
1212,20,24,2025-01-27
1213,336,14,2025-04-11
1214,338,25,2025-02-11
1215,198,18,2025-03-21
1216,312,29,2025-07-30
1217,264,12,2025-07-20
1218,314,14,2025-03-11
1219,45,6,2025-10-14
1220,407,14,2025-08-16
1221,271,41,2025-08-21
1222,427,17,2025-04-14
1223,63,50,2025-07-14
1224,479,21,2025-05-29
1225,208,34,2025-04-09
1226,329,38,2024-12-24
1227,385,27,2025-07-11
1228,250,45,2025-04-23
1229,106,43,2025-05-21
1230,490,11,2025-08-27
1231,302,45,2025-10-31
1232,170,32,2025-05-07
1233,389,39,2024-11-20
1234,433,5,2025-07-07
1235,203,43,2025-01-21
1236,141,24,2025-06-11
1237,425,42,2024-12-29
1238,204,36,2025-06-24
1239,213,18,2025-09-30
1240,238,8,2025-11-13
1241,205,43,2025-08-08
1242,465,25,2025-08-28
1243,484,45,2025-10-25
1244,71,29,2025-08-16
1245,86,4,2025-06-14
1246,93,10,2025-08-21
1247,125,42,2025-02-01
1248,321,24,2025-11-16
1249,140,34,2025-03-28
1250,132,49,2024-12-30
1251,187,18,2025-03-16
1252,123,48,2025-10-25
1253,201,40,2025-07-09
1254,185,33,2025-04-08
1255,366,44,2025-03-13
1256,294,9,2025-03-20
1257,206,6,2025-05-10
1258,467,26,2024-12-04
1259,457,42,2025-07-28
1260,43,30,2025-01-30
1261,321,4,2025-07-12
1262,147,28,2024-12-25
1263,257,35,2025-07-22
1264,339,7,2025-01-20
1265,463,16,2025-02-09
1266,251,19,2024-12-22
1267,60,27,2025-05-13
1268,322,39,2025-02-04
1269,184,29,2024-12-21
1270,109,7,2025-03-04
1271,196,48,2025-01-30
1272,361,17,2025-07-03
1273,376,34,2025-05-03
1274,424,46,2025-03-01
1275,391,42,2024-12-21
1276,430,8,2025-01-07
1277,37,40,2025-02-01
1278,97,1,2025-03-02
1279,233,23,2024-12-03
1280,389,41,2025-05-13
1281,77,24,2025-02-01
1282,337,48,2025-07-01
1283,244,42,2025-05-30
1284,74,15,2025-09-11
1285,156,23,2025-06-04
1286,50,5,2025-01-04
1287,379,12,2025-05-15
1288,193,24,2025-06-28
1289,283,48,2025-09-10
1290,135,10,2025-06-22
1291,256,18,2025-06-12
1292,98,4,2025-03-29
1293,253,49,2025-08-11
1294,393,26,2025-07-05
1295,162,11,2025-10-01
1296,93,33,2025-08-31
1297,226,35,2025-03-12
1298,280,30,2024-12-07
1299,469,47,2025-01-02
1300,347,3,2024-11-20
1301,88,25,2025-06-06
1302,366,18,2025-07-20
1303,479,41,2025-11-15
1304,369,5,2024-12-31
1305,121,48,2025-01-26
1306,70,23,2025-06-17
1307,166,47,2025-05-18
1308,82,9,2025-06-18
1309,374,43,2025-06-21
1310,117,24,2025-06-12
1311,396,7,2025-01-09
1312,223,30,2025-06-21
1313,335,1,2025-01-10
1314,142,36,2025-06-02
1315,373,31,2025-01-17
1316,338,15,2025-07-25
1317,87,8,2025-03-10
1318,185,48,2025-01-19
1319,168,35,2025-05-15
1320,149,8,2025-03-04
1321,474,46,2025-06-10
1322,438,35,2024-12-08
1323,323,48,2025-04-09
1324,460,48,2025-08-08
1325,13,4,2025-06-10
1326,195,50,2025-01-19
1327,95,50,2025-06-01
1328,136,17,2025-09-23
1329,22,5,2025-06-05
1330,335,15,2024-12-05
1331,411,43,2025-03-04
1332,131,33,2025-10-18
1333,377,20,2025-01-31
1334,347,29,2024-12-09
1335,69,1,2025-09-03
1336,374,9,2025-11-07
1337,127,46,2024-12-20
1338,281,14,2025-08-08
1339,164,17,2025-06-13
1340,331,30,2025-09-06
1341,111,7,2025-09-03
1342,351,18,2025-07-11
1343,386,18,2025-07-20
1344,121,18,2025-03-26
1345,267,15,2025-05-12
1346,68,9,2025-01-03
1347,151,19,2025-04-18
1348,374,13,2024-12-09
1349,220,23,2025-05-16
1350,308,19,2025-02-20
1351,375,30,2024-11-23
1352,493,3,2025-05-27
1353,325,21,2025-10-08
1354,256,11,2025-06-13
1355,29,20,2025-05-07
1356,300,22,2025-02-09
1357,475,47,2025-10-19
1358,381,36,2025-06-17
1359,116,29,2025-09-28
1360,176,28,2025-09-27
1361,135,50,2025-04-17
1362,289,50,2025-07-14
1363,333,5,2025-03-14
1364,278,37,2025-01-18
1365,387,38,2024-12-04
1366,16,48,2024-12-14
1367,25,34,2025-01-28
1368,114,11,2024-11-20
1369,427,44,2024-12-07
1370,264,38,2025-03-22
1371,396,25,2024-12-12
1372,107,14,2025-04-23
1373,371,35,2025-05-11
1374,330,22,2025-03-11
1375,195,34,2025-07-05
1376,188,13,2024-12-20
1377,391,27,2025-10-10
1378,227,13,2025-09-16
1379,358,35,2024-12-23
1380,331,19,2025-08-26
1381,25,25,2025-06-07
1382,324,40,2025-02-01
1383,358,14,2025-01-25
1384,322,12,2025-01-17
1385,338,39,2024-12-17
1386,252,34,2025-09-06
1387,185,34,2025-03-21
1388,273,13,2024-12-14
1389,293,7,2025-04-17
1390,410,48,2025-11-16
1391,293,6,2025-11-14
1392,435,16,2025-09-06
1393,289,34,2025-01-08
1394,337,47,2025-08-09
1395,183,45,2025-02-16
1396,5,25,2025-05-25
1397,165,37,2025-10-11
1398,345,26,2025-09-03
1399,28,44,2024-12-12
1400,473,35,2024-11-25
1401,54,16,2025-02-22
1402,202,4,2025-10-04
1403,95,11,2025-04-23
1404,398,12,2025-04-19
1405,381,26,2025-07-10
1406,262,48,2025-01-13
1407,265,32,2025-01-18
1408,396,9,2025-08-19
1409,193,2,2025-07-31
1410,115,19,2025-11-11
1411,141,2,2025-05-10
1412,111,20,2025-06-10
1413,55,20,2025-05-10
1414,74,21,2025-07-30
1415,327,50,2024-12-23
1416,319,40,2025-07-27
1417,405,10,2024-12-05
1418,130,15,2024-11-20
1419,194,40,2024-12-14
1420,294,21,2025-01-16
1421,100,14,2025-08-19
1422,195,6,2025-03-30
1423,387,4,2025-09-01
1424,407,3,2025-01-29
1425,402,5,2025-06-28
1426,205,27,2025-08-09
1427,368,16,2025-04-24
1428,230,36,2025-10-12
1429,11,5,2025-09-29
1430,447,19,2025-03-22
1431,397,40,2025-07-08
1432,297,33,2025-10-08
1433,153,15,2025-08-14
1434,338,5,2025-03-19
1435,456,33,2025-08-20
1436,188,16,2025-09-02
1437,395,43,2024-11-30
1438,393,14,2025-07-02
1439,13,11,2025-08-07
1440,180,15,2025-04-07
1441,256,40,2025-11-02
1442,31,15,2025-07-08
1443,282,3,2025-11-04
1444,174,9,2025-07-21
1445,35,15,2025-08-21
1446,33,43,2024-12-16
1447,251,48,2024-12-11
1448,115,43,2025-05-08
1449,98,9,2025-08-23
1450,493,4,2025-08-15
1451,495,26,2025-09-19
1452,28,22,2025-01-23
1453,157,49,2025-10-21
1454,437,30,2025-07-02
1455,352,26,2025-05-15
1456,280,42,2025-06-30
1457,14,46,2025-08-02
1458,198,50,2025-11-03
1459,40,27,2024-12-16
1460,499,38,2025-07-18
1461,251,33,2025-11-06
1462,107,35,2025-09-08
1463,415,32,2025-05-18
1464,12,45,2025-11-10
1465,286,27,2025-02-24
1466,197,17,2024-12-23
1467,438,34,2025-09-21
1468,222,45,2025-08-28
1469,219,36,2025-05-22
1470,228,50,2025-09-26
1471,271,31,2025-07-13
1472,134,33,2025-04-12
1473,64,4,2025-10-27
1474,130,15,2025-06-10
1475,427,27,2025-10-11
1476,276,22,2024-12-31
1477,453,47,2025-03-26
1478,12,14,2025-07-25
1479,294,26,2025-06-30
1480,165,27,2025-09-28
1481,363,41,2025-08-16
1482,69,17,2025-05-12
1483,423,27,2025-07-24
1484,304,1,2025-02-14
1485,212,27,2025-04-21
1486,471,7,2025-07-01
1487,180,47,2025-10-07
1488,360,3,2025-02-02
1489,315,10,2025-07-13
1490,293,33,2025-04-20
1491,155,16,2025-10-29
1492,293,14,2025-06-14
1493,21,36,2025-08-26
1494,209,20,2024-12-21
1495,397,44,2025-07-10
1496,390,40,2025-10-03
1497,351,28,2025-10-14
1498,57,46,2025-03-19
1499,9,25,2025-10-13
1500,292,44,2025-04-08
1501,174,16,2025-08-12
1502,418,46,2025-05-03
1503,343,36,2025-08-16
1504,28,5,2025-05-23
1505,300,1,2025-04-05
1506,377,31,2025-08-25
1507,60,4,2025-08-20
1508,96,13,2025-07-11
1509,39,7,2025-02-27
1510,368,26,2025-07-18
1511,13,6,2025-06-19
1512,381,21,2025-11-18
1513,209,46,2024-11-27
1514,222,6,2025-09-15
1515,427,26,2024-12-01
1516,330,25,2025-07-27
1517,174,48,2024-12-12
1518,208,25,2025-07-16
1519,497,13,2025-02-18
1520,172,49,2025-05-24
1521,425,49,2025-03-13
1522,481,8,2025-02-01
1523,220,50,2025-05-02
1524,168,49,2025-10-17
1525,478,16,2025-08-18
1526,354,43,2025-06-08
1527,232,3,2025-09-29
1528,225,44,2025-03-22
1529,399,3,2025-09-11
1530,459,35,2025-07-23
1531,379,28,2025-05-24
1532,442,26,2025-03-04
1533,366,42,2025-05-29
1534,258,3,2025-11-08
1535,194,50,2025-07-05
1536,319,26,2025-06-06
1537,290,45,2025-10-12
1538,114,30,2025-03-22
1539,247,31,2025-05-14
1540,124,34,2025-08-20
1541,185,4,2025-03-12
1542,387,19,2025-11-13
1543,479,18,2025-05-29
1544,102,42,2025-02-03
1545,90,2,2025-02-28
1546,168,44,2025-03-03
1547,364,11,2025-08-18
1548,401,13,2025-10-12
1549,66,46,2025-03-25
1550,370,42,2025-03-06
1551,111,29,2024-12-20
1552,294,49,2025-05-21
1553,115,20,2025-03-17
1554,315,12,2025-01-27
1555,282,11,2025-10-22
1556,46,50,2025-02-26
1557,182,18,2025-09-01
1558,14,12,2025-06-29
1559,377,13,2025-10-13
1560,242,20,2024-12-20
1561,146,12,2025-05-23
1562,360,38,2025-01-18
1563,238,21,2025-10-09
1564,89,16,2025-01-13
1565,252,6,2025-03-25
1566,201,40,2025-09-25
1567,8,15,2025-08-15
1568,307,14,2025-05-25
1569,323,5,2025-03-19
1570,211,34,2025-08-25
1571,498,37,2025-02-23
1572,212,12,2025-11-15
1573,219,43,2024-12-21
1574,392,28,2025-03-05
1575,421,44,2025-01-22
1576,395,4,2025-06-04
1577,281,20,2025-04-09
1578,167,35,2025-08-30
1579,51,20,2025-08-09
1580,479,43,2025-09-20
1581,221,3,2025-05-05
1582,190,14,2025-09-27
1583,126,4,2025-09-11
1584,5,18,2025-02-26
1585,373,14,2025-05-30
1586,497,10,2025-04-30
1587,43,19,2025-07-04
1588,189,3,2025-09-27
1589,207,11,2025-04-10
1590,267,43,2024-12-11
1591,152,31,2025-02-11
1592,332,43,2025-03-20
1593,418,2,2025-03-27
1594,5,30,2025-10-12
1595,479,16,2025-08-17
1596,150,4,2025-03-13
1597,231,48,2025-05-22
1598,251,40,2025-05-10
1599,280,26,2025-10-26
1600,460,28,2025-08-27
1601,401,41,2025-05-08
1602,111,34,2025-11-13
1603,86,40,2025-06-27
1604,163,27,2025-10-02
1605,4,8,2025-06-22
1606,75,6,2024-11-19
1607,353,7,2025-04-17
1608,147,11,2025-04-05
1609,268,39,2025-08-02
1610,342,39,2025-01-28
1611,220,7,2025-10-16
1612,8,48,2025-06-10
1613,142,19,2024-12-31
1614,152,11,2025-03-09
1615,450,15,2025-10-06
1616,53,31,2025-09-22
1617,438,14,2025-02-11
1618,80,42,2025-07-31
1619,386,28,2025-01-08
1620,499,46,2025-10-23
1621,294,44,2025-10-01
1622,230,2,2025-09-11
1623,360,5,2025-06-19
1624,456,42,2024-12-12
1625,236,37,2025-11-09
1626,344,4,2025-03-26
1627,316,44,2025-08-04
1628,413,9,2025-04-12
1629,373,48,2024-11-29
1630,84,27,2025-02-24
1631,184,17,2025-07-26
1632,414,17,2025-09-16
1633,149,47,2025-05-31
1634,418,25,2025-03-07
1635,432,31,2025-10-19
1636,136,29,2025-07-10
1637,116,45,2024-12-17
1638,333,46,2025-04-11
1639,270,22,2025-08-23
1640,407,9,2024-12-14
1641,422,29,2025-08-25
1642,100,40,2025-03-01
1643,11,7,2025-04-16
1644,70,44,2025-09-23
1645,477,3,2025-05-14
1646,384,11,2025-01-26
1647,6,14,2024-12-29
1648,130,42,2025-10-27
1649,52,13,2025-06-20
1650,163,21,2025-08-13
1651,290,5,2025-07-21
1652,27,3,2025-06-11
1653,148,44,2025-07-15
1654,173,8,2025-04-24
1655,291,37,2025-08-14
1656,31,31,2025-11-16
1657,39,5,2025-10-24
1658,23,41,2025-11-18
1659,372,27,2025-11-16
1660,500,29,2025-02-26
1661,48,39,2025-09-01
1662,256,29,2025-10-12
1663,305,15,2025-07-30
1664,63,30,2025-10-11
1665,481,10,2025-05-08
1666,130,45,2025-06-23
1667,379,43,2025-05-11
1668,83,18,2025-11-17
1669,411,32,2024-12-25
1670,417,30,2025-06-17
1671,393,13,2025-01-04
1672,435,9,2025-02-02
1673,372,23,2025-05-02
1674,295,9,2025-08-15
1675,66,48,2025-07-24
1676,160,30,2025-09-23
1677,342,27,2025-07-07
1678,92,8,2025-03-22
1679,174,16,2025-11-13
1680,456,18,2025-07-21
1681,73,35,2025-10-29
1682,357,16,2025-02-24
1683,399,37,2025-09-14
1684,290,32,2025-08-15
1685,396,11,2025-02-10
1686,118,5,2025-11-09
1687,66,17,2025-08-21
1688,289,39,2024-12-12
1689,115,46,2025-05-16
1690,328,24,2025-07-03
1691,324,6,2025-04-05
1692,48,42,2025-10-06
1693,219,11,2025-09-03
1694,256,12,2025-04-07
1695,460,33,2025-05-15
1696,219,41,2025-03-29
1697,139,47,2025-01-15
1698,274,25,2025-04-09
1699,66,30,2025-04-01
1700,236,15,2025-02-15
1701,397,25,2025-05-15
1702,155,25,2025-01-17
1703,129,11,2025-08-06
1704,8,31,2025-01-14
1705,34,44,2025-06-07
1706,12,26,2025-04-03
1707,464,20,2025-04-13
1708,179,23,2025-04-20
1709,113,37,2025-11-10
1710,70,4,2025-10-06
1711,476,26,2025-01-28
1712,20,39,2025-08-03
1713,164,5,2025-06-27
1714,278,24,2025-05-27
1715,273,19,2025-05-01
1716,436,2,2024-12-12
1717,141,41,2024-12-27
1718,290,5,2025-05-14
1719,332,40,2025-07-07
1720,361,36,2025-03-22
1721,94,6,2025-10-24
1722,308,34,2025-02-13
1723,131,46,2025-11-10
1724,433,5,2025-10-30
1725,111,6,2025-01-05
1726,323,41,2025-02-28
1727,293,30,2025-05-17
1728,356,1,2024-12-19
1729,161,15,2025-07-12
1730,232,35,2025-02-09
1731,190,35,2025-10-14
1732,182,15,2025-10-02
1733,426,30,2025-03-30
1734,287,39,2025-06-02
1735,43,8,2025-01-27
1736,427,17,2025-08-08
1737,168,8,2025-08-21
1738,43,46,2025-10-26
1739,20,15,2025-05-14
1740,56,25,2025-01-13
1741,292,3,2024-11-29
1742,122,22,2024-11-23
1743,414,29,2025-01-30
1744,60,29,2025-07-19
1745,376,2,2025-01-04
1746,389,33,2025-09-04
1747,345,35,2025-01-13
1748,133,36,2025-10-22
1749,218,46,2025-06-04
1750,437,19,2025-09-26
1751,229,23,2025-01-18
1752,287,23,2025-10-10
1753,9,18,2025-04-28
1754,401,36,2025-04-20
1755,372,6,2025-01-09
1756,231,13,2025-10-09
1757,14,22,2025-06-19
1758,24,4,2025-09-17
1759,58,1,2025-10-12
1760,1,49,2025-05-09
1761,381,32,2025-06-06
1762,88,15,2025-05-22
1763,290,20,2025-05-18
1764,285,22,2025-11-11
1765,255,10,2025-06-01
1766,449,45,2025-10-09
1767,498,26,2025-10-05
1768,308,49,2025-05-26
1769,233,46,2025-09-11
1770,124,36,2025-06-15
1771,73,12,2025-05-09
1772,359,47,2025-04-04
1773,332,7,2025-08-27
1774,160,43,2025-02-05
1775,431,15,2025-08-07
1776,423,15,2025-01-07
1777,398,48,2025-04-28
1778,114,17,2025-08-03
1779,392,35,2024-12-16
1780,303,1,2025-07-20
1781,358,6,2025-01-06
1782,19,12,2025-11-16
1783,120,10,2025-08-20
1784,393,47,2025-06-09
1785,341,1,2025-05-30
1786,351,8,2025-09-27
1787,367,12,2025-07-13
1788,125,31,2025-09-25
1789,121,39,2025-01-14
1790,317,26,2025-08-11
1791,49,19,2025-01-27
1792,199,15,2024-12-06
1793,110,42,2025-04-29
1794,139,27,2025-11-03
1795,181,10,2025-05-27
1796,240,13,2025-05-18
1797,254,32,2025-01-20
1798,241,9,2025-07-30
1799,454,40,2025-10-09
1800,321,36,2025-06-10
1801,76,32,2025-07-19
1802,335,32,2025-09-15
1803,136,47,2024-12-14
1804,49,34,2024-12-07
1805,205,30,2025-09-01
1806,492,49,2025-03-01
1807,339,26,2025-03-08
1808,341,27,2025-05-08
1809,277,6,2025-05-13
1810,14,1,2024-12-11
1811,70,37,2025-10-05
1812,412,26,2025-08-03
1813,264,12,2025-03-21
1814,388,16,2025-05-09
1815,233,22,2025-04-30
1816,215,14,2025-03-22
1817,211,33,2025-06-21
1818,57,4,2025-04-24
1819,293,37,2025-08-07
1820,256,11,2025-08-03
1821,324,30,2025-04-15
1822,292,5,2025-04-20
1823,355,20,2025-08-21
1824,323,16,2025-08-15
1825,435,48,2025-01-06
1826,282,2,2025-03-24
1827,173,10,2025-04-12
1828,330,24,2025-09-18
1829,236,8,2025-01-17
1830,317,19,2025-02-12
1831,76,7,2025-04-04
1832,70,35,2025-04-01
1833,447,11,2025-01-28
1834,96,12,2025-09-14
1835,352,11,2025-10-23
1836,433,34,2025-07-18
1837,244,29,2025-10-02
1838,482,45,2025-10-27
1839,298,15,2025-10-29
1840,200,18,2025-07-08
1841,211,34,2025-11-15
1842,27,40,2024-12-28
1843,121,8,2025-10-19
1844,315,31,2025-08-30
1845,184,19,2025-01-10
1846,268,38,2025-06-01
1847,1,41,2025-09-16
1848,129,2,2024-12-08
1849,141,40,2025-10-27
1850,185,15,2025-10-08
1851,202,18,2025-03-28
1852,194,36,2025-10-31
1853,497,30,2025-03-13
1854,465,33,2024-12-16
1855,31,9,2025-03-13
1856,131,34,2025-01-22
1857,77,32,2025-04-07
1858,439,26,2025-08-13
1859,448,45,2025-11-08
1860,276,24,2025-04-05
1861,53,26,2025-01-10
1862,410,41,2025-10-22
1863,25,25,2025-10-03
1864,370,14,2025-04-08
1865,331,33,2025-01-21
1866,410,13,2025-02-14
1867,306,50,2025-03-30
1868,93,10,2025-03-31
1869,277,48,2025-03-20
1870,81,22,2025-02-26
1871,178,11,2025-04-28
1872,271,50,2024-11-24
1873,28,2,2025-10-27
1874,428,24,2025-02-24
1875,356,30,2025-05-24
1876,188,28,2025-11-02
1877,319,25,2025-09-30
1878,57,10,2025-07-05
1879,14,1,2025-07-01
1880,86,45,2025-10-16
1881,79,11,2025-08-01
1882,297,1,2025-01-29
1883,471,32,2025-07-23
1884,322,50,2025-01-24
1885,436,38,2025-07-24
1886,252,3,2025-11-11
1887,76,31,2024-11-30
1888,248,46,2025-09-12
1889,403,19,2025-03-10
1890,141,16,2025-07-05
1891,396,41,2025-10-04
1892,260,45,2025-01-19
1893,112,27,2025-07-31
1894,309,16,2024-12-13
1895,162,6,2025-07-13
1896,214,2,2025-03-16
1897,342,18,2025-07-24
1898,36,8,2025-03-25
1899,393,33,2025-11-14
1900,188,47,2024-12-25
1901,164,50,2025-07-10
1902,314,26,2025-02-22
1903,270,26,2025-03-28
1904,9,4,2025-10-14
1905,408,18,2025-09-22
1906,342,46,2025-09-25
1907,267,36,2025-01-05
1908,358,35,2025-06-27
1909,256,19,2025-02-03
1910,496,15,2025-09-19
1911,247,14,2025-07-13
1912,386,18,2025-09-06
1913,46,19,2025-05-17
1914,444,47,2025-05-21
1915,168,32,2025-02-19
1916,51,21,2025-08-26
1917,409,27,2025-05-31
1918,233,45,2025-06-10
1919,247,4,2025-04-06
1920,230,43,2025-07-28
1921,185,26,2025-10-01
1922,311,45,2025-10-27
1923,194,43,2025-02-03
1924,51,48,2025-08-16
1925,271,7,2025-01-02
1926,327,11,2025-05-30
1927,311,39,2025-10-31
1928,137,4,2025-06-04
1929,26,12,2025-09-16
1930,12,19,2025-03-16
1931,386,1,2025-04-16
1932,76,11,2025-04-07
1933,179,43,2025-07-24
1934,383,40,2024-12-24
1935,148,24,2024-12-14
1936,246,16,2025-02-23
1937,335,34,2024-11-28
1938,170,44,2025-07-09
1939,425,18,2025-10-26
1940,457,2,2025-08-12
1941,109,34,2024-12-25
1942,253,32,2025-03-28
1943,196,11,2025-04-06
1944,158,45,2025-06-09
1945,356,48,2025-08-17
1946,73,21,2025-09-24
1947,418,2,2024-12-22
1948,258,16,2025-11-15
1949,127,12,2025-11-19
1950,300,24,2024-12-12
1951,94,1,2025-10-19
1952,351,5,2025-06-18
1953,279,50,2025-03-31
1954,4,39,2025-09-20
1955,35,23,2025-09-20
1956,475,36,2025-07-18
1957,376,36,2025-09-20
1958,41,7,2025-05-31
1959,371,32,2025-05-30
1960,347,30,2025-02-17
1961,128,9,2025-06-17
1962,300,34,2025-05-03
1963,145,15,2025-05-21
1964,96,33,2025-04-10
1965,253,25,2025-09-11
1966,21,5,2025-07-10
1967,435,34,2025-03-30
1968,495,4,2024-12-31
1969,201,5,2025-09-20
1970,76,30,2025-09-14
1971,130,32,2024-12-11
1972,227,45,2025-10-21
1973,154,20,2025-07-29
1974,455,33,2025-05-01
1975,227,5,2025-05-16
1976,289,33,2025-05-04
1977,300,42,2025-06-14
1978,52,5,2024-12-28
1979,65,38,2024-11-26
1980,335,25,2025-07-14
1981,281,36,2025-01-14
1982,402,18,2025-01-29
1983,332,9,2025-07-16
1984,370,29,2024-12-01
1985,349,16,2025-06-11
1986,67,3,2024-12-20
1987,247,27,2025-04-10
1988,354,2,2025-09-08
1989,176,1,2025-04-11
1990,139,48,2025-09-15
1991,80,37,2024-12-31
1992,274,2,2025-09-21
1993,404,47,2024-12-03
1994,227,41,2025-01-11
1995,466,10,2025-08-20
1996,435,6,2025-06-28
1997,224,20,2024-12-23
1998,266,10,2025-08-30
1999,76,41,2025-04-09
2000,393,5,2025-11-01
